{
    "name": "root",
    "gauges": {
        "MovetoGoal.Policy.Entropy.mean": {
            "value": 0.03907398134469986,
            "min": 0.03647336736321449,
            "max": 2.6741039752960205,
            "count": 46
        },
        "MovetoGoal.Policy.Entropy.sum": {
            "value": 1166.0848388671875,
            "min": 1098.5413818359375,
            "max": 78210.1953125,
            "count": 46
        },
        "MovetoGoal.Environment.EpisodeLength.mean": {
            "value": 51.44755244755245,
            "min": 42.67103347889374,
            "max": 64.64551422319475,
            "count": 46
        },
        "MovetoGoal.Environment.EpisodeLength.sum": {
            "value": 29428.0,
            "min": 15812.0,
            "max": 29671.0,
            "count": 46
        },
        "MovetoGoal.Step.mean": {
            "value": 1499976.0,
            "min": 149965.0,
            "max": 1499976.0,
            "count": 46
        },
        "MovetoGoal.Step.sum": {
            "value": 1499976.0,
            "min": 149965.0,
            "max": 1499976.0,
            "count": 46
        },
        "MovetoGoal.Policy.ExtrinsicValueEstimate.mean": {
            "value": -0.1083652600646019,
            "min": -0.7629377841949463,
            "max": 0.10935866832733154,
            "count": 46
        },
        "MovetoGoal.Policy.ExtrinsicValueEstimate.sum": {
            "value": -61.984928131103516,
            "min": -366.97308349609375,
            "max": 61.24085235595703,
            "count": 46
        },
        "MovetoGoal.Environment.CumulativeReward.mean": {
            "value": -0.46699826325569954,
            "min": -1.1990436798817403,
            "max": -0.14209733307361602,
            "count": 46
        },
        "MovetoGoal.Environment.CumulativeReward.sum": {
            "value": -267.12300658226013,
            "min": -594.2385082244873,
            "max": -79.57450652122498,
            "count": 46
        },
        "MovetoGoal.Policy.ExtrinsicReward.mean": {
            "value": -0.46699826325569954,
            "min": -1.1990436798817403,
            "max": -0.14209733307361602,
            "count": 46
        },
        "MovetoGoal.Policy.ExtrinsicReward.sum": {
            "value": -267.12300658226013,
            "min": -594.2385082244873,
            "max": -79.57450652122498,
            "count": 46
        },
        "MovetoGoal.Losses.PolicyLoss.mean": {
            "value": 0.14088167080163846,
            "min": 0.13826476639147994,
            "max": 0.14413491216201366,
            "count": 46
        },
        "MovetoGoal.Losses.PolicyLoss.sum": {
            "value": 1.9723433912229384,
            "min": 0.9883675415672877,
            "max": 2.162023682430205,
            "count": 46
        },
        "MovetoGoal.Losses.ValueLoss.mean": {
            "value": 0.9531676476599443,
            "min": 0.40248532127466996,
            "max": 1.0213004879989807,
            "count": 46
        },
        "MovetoGoal.Losses.ValueLoss.sum": {
            "value": 13.344347067239221,
            "min": 3.9751755543071137,
            "max": 14.298206831985729,
            "count": 46
        },
        "MovetoGoal.Policy.LearningRate.mean": {
            "value": 3.0471132700428604e-06,
            "min": 3.0471132700428604e-06,
            "max": 0.00027151152378187616,
            "count": 46
        },
        "MovetoGoal.Policy.LearningRate.sum": {
            "value": 4.2659585780600044e-05,
            "min": 4.2659585780600044e-05,
            "max": 0.0039149647950118,
            "count": 46
        },
        "MovetoGoal.Policy.Epsilon.mean": {
            "value": 0.10101567142857144,
            "min": 0.10101567142857144,
            "max": 0.19050383809523805,
            "count": 46
        },
        "MovetoGoal.Policy.Epsilon.sum": {
            "value": 1.4142194000000001,
            "min": 1.3335268666666664,
            "max": 2.8049882000000004,
            "count": 46
        },
        "MovetoGoal.Policy.Beta.mean": {
            "value": 6.0682004285714354e-05,
            "min": 6.0682004285714354e-05,
            "max": 0.004526141520952382,
            "count": 46
        },
        "MovetoGoal.Policy.Beta.sum": {
            "value": 0.0008495480600000009,
            "min": 0.0008495480600000009,
            "max": 0.06526891118,
            "count": 46
        },
        "MovetoGoal.IsTraining.mean": {
            "value": 1.0,
            "min": 1.0,
            "max": 1.0,
            "count": 46
        },
        "MovetoGoal.IsTraining.sum": {
            "value": 1.0,
            "min": 1.0,
            "max": 1.0,
            "count": 46
        }
    },
    "metadata": {
        "timer_format_version": "0.1.0",
        "start_time_seconds": "1701915426",
        "python_version": "3.7.16 (default, Jan 17 2023, 16:06:28) [MSC v.1916 64 bit (AMD64)]",
        "command_line_arguments": "C:\\Users\\Johor\\anaconda3\\envs\\mm\\Scripts\\mlagents-learn C:\\Users\\Johor\\results\\pretrain\\configuration.yaml --env=C:\\Users\\Johor\\bmm10\\mm2 --time-scale=1 --num-envs=5 --run-id=test --resume",
        "mlagents_version": "0.29.0",
        "mlagents_envs_version": "0.29.0",
        "communication_protocol_version": "1.5.0",
        "pytorch_version": "1.7.1+cu110",
        "numpy_version": "1.21.5",
        "end_time_seconds": "1701925618"
    },
    "total": 10192.1622137,
    "count": 1,
    "self": 0.21856479999951262,
    "children": {
        "run_training.setup": {
            "total": 0.3857343,
            "count": 1,
            "self": 0.3857343
        },
        "TrainerController.start_learning": {
            "total": 10191.5579146,
            "count": 1,
            "self": 8.6834932999991,
            "children": {
                "TrainerController._reset_env": {
                    "total": 3.1938564000000005,
                    "count": 1,
                    "self": 3.1938564000000005
                },
                "TrainerController.advance": {
                    "total": 10179.565102700002,
                    "count": 395789,
                    "self": 5.971944200107828,
                    "children": {
                        "env_step": {
                            "total": 6571.759885900021,
                            "count": 395789,
                            "self": 337.9068590994666,
                            "children": {
                                "SubprocessEnvManager._take_step": {
                                    "total": 6226.525610300542,
                                    "count": 1385881,
                                    "self": 49.34882340038439,
                                    "children": {
                                        "TorchPolicy.evaluate": {
                                            "total": 6177.176786900158,
                                            "count": 1366236,
                                            "self": 1216.8819120007747,
                                            "children": {
                                                "TorchPolicy.sample_actions": {
                                                    "total": 4960.294874899383,
                                                    "count": 1366236,
                                                    "self": 4960.294874899383
                                                }
                                            }
                                        }
                                    }
                                },
                                "workers": {
                                    "total": 7.3274165000119735,
                                    "count": 395789,
                                    "self": 0.0,
                                    "children": {
                                        "worker_root": {
                                            "total": 50908.89344210035,
                                            "count": 1385880,
                                            "is_parallel": true,
                                            "self": 44599.186123000094,
                                            "children": {
                                                "steps_from_proto": {
                                                    "total": 0.0025764999999999816,
                                                    "count": 5,
                                                    "is_parallel": true,
                                                    "self": 0.0010954000000009678,
                                                    "children": {
                                                        "_process_rank_one_or_two_observation": {
                                                            "total": 0.0014810999999990138,
                                                            "count": 40,
                                                            "is_parallel": true,
                                                            "self": 0.0014810999999990138
                                                        }
                                                    }
                                                },
                                                "UnityEnvironment.step": {
                                                    "total": 6309.704742600259,
                                                    "count": 1385880,
                                                    "is_parallel": true,
                                                    "self": 136.47478660043907,
                                                    "children": {
                                                        "UnityEnvironment._generate_step_input": {
                                                            "total": 86.5942650998086,
                                                            "count": 1385880,
                                                            "is_parallel": true,
                                                            "self": 86.5942650998086
                                                        },
                                                        "communicator.exchange": {
                                                            "total": 5468.957092099498,
                                                            "count": 1385880,
                                                            "is_parallel": true,
                                                            "self": 5468.957092099498
                                                        },
                                                        "steps_from_proto": {
                                                            "total": 617.6785988005129,
                                                            "count": 1385880,
                                                            "is_parallel": true,
                                                            "self": 284.38094309976225,
                                                            "children": {
                                                                "_process_rank_one_or_two_observation": {
                                                                    "total": 333.2976557007506,
                                                                    "count": 11087040,
                                                                    "is_parallel": true,
                                                                    "self": 333.2976557007506
                                                                }
                                                            }
                                                        }
                                                    }
                                                }
                                            }
                                        }
                                    }
                                }
                            }
                        },
                        "trainer_advance": {
                            "total": 3601.833272599874,
                            "count": 395789,
                            "self": 11.136624500077232,
                            "children": {
                                "process_trajectory": {
                                    "total": 260.0654181997799,
                                    "count": 395789,
                                    "self": 257.14314999977995,
                                    "children": {
                                        "RLTrainer._checkpoint": {
                                            "total": 2.922268199999948,
                                            "count": 28,
                                            "self": 2.922268199999948
                                        }
                                    }
                                },
                                "_update_policy": {
                                    "total": 3330.631229900017,
                                    "count": 648,
                                    "self": 330.8173553998845,
                                    "children": {
                                        "TorchPPOOptimizer.update": {
                                            "total": 2999.8138745001324,
                                            "count": 211695,
                                            "self": 2999.8138745001324
                                        }
                                    }
                                }
                            }
                        }
                    }
                },
                "trainer_threads": {
                    "total": 8.999995770864189e-07,
                    "count": 1,
                    "self": 8.999995770864189e-07
                },
                "TrainerController._save_models": {
                    "total": 0.11546129999987897,
                    "count": 1,
                    "self": 0.01446580000083486,
                    "children": {
                        "RLTrainer._checkpoint": {
                            "total": 0.10099549999904411,
                            "count": 1,
                            "self": 0.10099549999904411
                        }
                    }
                }
            }
        }
    }
}