{
    "Move to Goal": {
        "checkpoints": [
            {
                "steps": 1349968,
                "file_path": "results\\test\\Move to Goal\\Move to Goal-1349968.onnx",
                "reward": -2.5461874902248383,
                "creation_time": 1701924485.0770347,
                "auxillary_file_paths": [
                    "results\\test\\Move to Goal\\Move to Goal-1349968.pt"
                ]
            },
            {
                "steps": 1399976,
                "file_path": "results\\test\\Move to Goal\\Move to Goal-1399976.onnx",
                "reward": 0.4195833007494609,
                "creation_time": 1701924864.1305928,
                "auxillary_file_paths": [
                    "results\\test\\Move to Goal\\Move to Goal-1399976.pt"
                ]
            },
            {
                "steps": 1449905,
                "file_path": "results\\test\\Move to Goal\\Move to Goal-1449905.onnx",
                "reward": -0.9746211911692764,
                "creation_time": 1701925237.4124367,
                "auxillary_file_paths": [
                    "results\\test\\Move to Goal\\Move to Goal-1449905.pt"
                ]
            },
            {
                "steps": 1499976,
                "file_path": "results\\test\\Move to Goal\\Move to Goal-1499976.onnx",
                "reward": -0.3990000009536743,
                "creation_time": 1701925618.0422816,
                "auxillary_file_paths": [
                    "results\\test\\Move to Goal\\Move to Goal-1499976.pt"
                ]
            },
            {
                "steps": 1500039,
                "file_path": "results\\test\\Move to Goal\\Move to Goal-1500039.onnx",
                "reward": -0.4603378386110873,
                "creation_time": 1701925618.440607,
                "auxillary_file_paths": [
                    "results\\test\\Move to Goal\\Move to Goal-1500039.pt"
                ]
            }
        ],
        "final_checkpoint": {
            "steps": 1500039,
            "file_path": "results\\test\\Move to Goal.onnx",
            "reward": -0.4603378386110873,
            "creation_time": 1701925618.440607,
            "auxillary_file_paths": [
                "results\\test\\Move to Goal\\Move to Goal-1500039.pt"
            ]
        }
    },
    "metadata": {
        "stats_format_version": "0.3.0",
        "mlagents_version": "0.29.0",
        "torch_version": "1.7.1+cu110"
    }
}